"ElementName","DataType","Size","Required","ElementDescription","ValueRange","Notes","Aliases"
"subjectkey","GUID","","Required","The NDAR Global Unique Identifier (GUID) for research subject","NDAR*","",""
"src_subject_id","String","20","Required","Subject ID how it's defined in lab/project","","",""
"interview_date","Date","","Required","Date on which the interview/genetic test/sampling/imaging/biospecimen was completed. MM/DD/YYYY","","",""
"interview_age","Integer","","Required","Age in months at the time of the interview/test/sampling/imaging.","0 :: 1260","Age is rounded to chronological month. If the research participant is 15-days-old at time of interview, the appropriate value would be 0 months. If the participant is 16-days-old, the value would be 1 month.",""
"sex","String","20","Required","Sex of subject at birth","M;F; O; NR","M = Male; F = Female; O=Other; NR = Not reported","gender"
"eventname","String","60","Required","The event name for which the data was collected","","",""
"rsfmri_cor_ngd_scs_visitid","String","60","Recommended","Visit name","","","rsfmri_cor_network.gordon_subcort.aseg_visitid,rsfmri_cor_networkgordon_subcortaseg_visitid"
"rsfmri_cor_ngd_scs_tr","Float","","Recommended","Pulse repetition time in seconds","","","rsfmri_cor_network.gordon_subcort.aseg_tr,rsfmri_cor_networkgordon_subcortaseg_tr"
"rsfmri_cor_ngd_scs_numtrs","Integer","","Recommended","Number of frames in acquisition","","","rsfmri_cor_network.gordon_subcort.aseg_numtrs,rsfmri_cor_networkgordon_subcortaseg_numtrs"
"rsfmri_cor_ngd_scs_nvols","Integer","","Recommended","Number of frames after removing dummy frames","","","rsfmri_cor_network.gordon_subcort.aseg_nvols,rsfmri_cor_networkgordon_subcortaseg_nvols"
"rsfmri_cor_ngd_scs_stnvols","Integer","","Recommended","Number of frames with FD < 0.2","","","rsfmri_cor_network.gordon_subcort.aseg_subthresh.nvols,rsfmri_cor_networkgordon_subcortaseg_subthreshnvols"
"rsfmri_cor_ngd_scs_stcgnvols","Integer","","Recommended","Number of frames with FD < 0.2 and at least 5 contiguous, supra-threshold frames","","","rsfmri_cor_network.gordon_subcort.aseg_subthresh.contig.nvols,rsfmri_cor_networkgordon_subcortaseg_subthreshcontignvols"
"rsfmri_cor_ngd_scs_ntpoints","Integer","","Recommended","Number of frames after excluding outlier frames (based on standard deviation across ROIs)","","","rsfmri_cor_network.gordon_subcort.aseg_ntpoints,rsfmri_cor_networkgordon_subcortaseg_ntpoints"
"rsfmri_cor_ngd_scs_meanmn","Float","","Recommended","Average framewise displacement in mm","","","rsfmri_cor_network.gordon_subcort.aseg_mean.motion,rsfmri_cor_networkgordon_subcortaseg_meanmotion"
"rsfmri_cor_ngd_scs_maxmn","Float","","Recommended","Maximum framewise displacement in mm","","","rsfmri_cor_network.gordon_subcort.aseg_max.motion,rsfmri_cor_networkgordon_subcortaseg_maxmotion"
"rsfmri_cor_ngd_scs_meantrans","Float","","Recommended","Average framewise translation in mm","","","rsfmri_cor_network.gordon_subcort.aseg_mean.trans,rsfmri_cor_networkgordon_subcortaseg_meantrans"
"rsfmri_cor_ngd_scs_maxtrans","Float","","Recommended","Maximum framewise translation in mm","","","rsfmri_cor_network.gordon_subcort.aseg_max.trans,rsfmri_cor_networkgordon_subcortaseg_maxtrans"
"rsfmri_cor_ngd_scs_meanrot","Float","","Recommended","Average framewise rotation in radians","","","rsfmri_cor_network.gordon_subcort.aseg_mean.rot,rsfmri_cor_networkgordon_subcortaseg_meanrot"
"rsfmri_cor_ngd_scs_maxrot","Float","","Recommended","Maximum framewise rotation in radians","","","rsfmri_cor_network.gordon_subcort.aseg_max.rot,rsfmri_cor_networkgordon_subcortaseg_maxrot"
"rsfmri_cor_ngd_au_scs_crcxlh","Float","","Recommended","Average correlation between auditory network and ASEG ROI left-cerebellum-cortex","","","rsfmri_cor_network.gordon_auditory_subcort.aseg_cerebellum.cortex.lh,rsfmri_cor_networkgordon_auditory_subcortaseg_cerebellumcortexlh"
"rsfmri_cor_ngd_au_scs_thplh","Float","","Recommended","Average correlation between auditory network and ASEG ROI left-thalamus-proper","","","rsfmri_cor_network.gordon_auditory_subcort.aseg_thalamus.proper.lh,rsfmri_cor_networkgordon_auditory_subcortaseg_thalamusproperlh"
"rsfmri_cor_ngd_au_scs_cdelh","Float","","Recommended","Average correlation between auditory network and ASEG ROI left-caudate","","","rsfmri_cor_network.gordon_auditory_subcort.aseg_caudate.lh,rsfmri_cor_networkgordon_auditory_subcortaseg_caudatelh"
"rsfmri_cor_ngd_au_scs_ptlh","Float","","Recommended","Average correlation between auditory network and ASEG ROI left-putamen","","","rsfmri_cor_network.gordon_auditory_subcort.aseg_putamen.lh,rsfmri_cor_networkgordon_auditory_subcortaseg_putamenlh"
"rsfmri_cor_ngd_au_scs_pllh","Float","","Recommended","Average correlation between auditory network and ASEG ROI left-pallidum","","","rsfmri_cor_network.gordon_auditory_subcort.aseg_pallidum.lh,rsfmri_cor_networkgordon_auditory_subcortaseg_pallidumlh"
"rsfmri_cor_ngd_au_scs_bs","Float","","Recommended","Average correlation between auditory network and ASEG ROI brain-stem","","","rsfmri_cor_network.gordon_auditory_subcort.aseg_brain.stem,rsfmri_cor_networkgordon_auditory_subcortaseg_brainstem"
"rsfmri_cor_ngd_au_scs_hplh","Float","","Recommended","Average correlation between auditory network and ASEG ROI left-hippocampus","","","rsfmri_cor_network.gordon_auditory_subcort.aseg_hippocampus.lh,rsfmri_cor_networkgordon_auditory_subcortaseg_hippocampuslh"
"rsfmri_cor_ngd_au_scs_aglh","Float","","Recommended","Average correlation between auditory network and ASEG ROI left-amygdala","","","rsfmri_cor_network.gordon_auditory_subcort.aseg_amygdala.lh,rsfmri_cor_networkgordon_auditory_subcortaseg_amygdalalh"
"rsfmri_cor_ngd_au_scs_aalh","Float","","Recommended","Average correlation between auditory network and ASEG ROI left-accumbens-area","","","rsfmri_cor_network.gordon_auditory_subcort.aseg_accumbens.area.lh,rsfmri_cor_networkgordon_auditory_subcortaseg_accumbensarealh"
"rsfmri_cor_ngd_au_scs_vtdclh","Float","","Recommended","Average correlation between auditory network and ASEG ROI left-ventraldc","","","rsfmri_cor_network.gordon_auditory_subcort.aseg_ventraldc.lh,rsfmri_cor_networkgordon_auditory_subcortaseg_ventraldclh"
"rsfmri_cor_ngd_au_scs_crcxrh","Float","","Recommended","Average correlation between auditory network and ASEG ROI right-cerebellum-cortex","","","rsfmri_cor_network.gordon_auditory_subcort.aseg_cerebellum.cortex.rh,rsfmri_cor_networkgordon_auditory_subcortaseg_cerebellumcortexrh"
"rsfmri_cor_ngd_au_scs_thprh","Float","","Recommended","Average correlation between auditory network and ASEG ROI right-thalamus-proper","","","rsfmri_cor_network.gordon_auditory_subcort.aseg_thalamus.proper.rh,rsfmri_cor_networkgordon_auditory_subcortaseg_thalamusproperrh"
"rsfmri_cor_ngd_au_scs_cderh","Float","","Recommended","Average correlation between auditory network and ASEG ROI right-caudate","","","rsfmri_cor_network.gordon_auditory_subcort.aseg_caudate.rh,rsfmri_cor_networkgordon_auditory_subcortaseg_caudaterh"
"rsfmri_cor_ngd_au_scs_ptrh","Float","","Recommended","Average correlation between auditory network and ASEG ROI right-putamen","","","rsfmri_cor_network.gordon_auditory_subcort.aseg_putamen.rh,rsfmri_cor_networkgordon_auditory_subcortaseg_putamenrh"
"rsfmri_cor_ngd_au_scs_plrh","Float","","Recommended","Average correlation between auditory network and ASEG ROI right-pallidum","","","rsfmri_cor_network.gordon_auditory_subcort.aseg_pallidum.rh,rsfmri_cor_networkgordon_auditory_subcortaseg_pallidumrh"
"rsfmri_cor_ngd_au_scs_hprh","Float","","Recommended","Average correlation between auditory network and ASEG ROI right-hippocampus","","","rsfmri_cor_network.gordon_auditory_subcort.aseg_hippocampus.rh,rsfmri_cor_networkgordon_auditory_subcortaseg_hippocampusrh"
"rsfmri_cor_ngd_au_scs_agrh","Float","","Recommended","Average correlation between auditory network and ASEG ROI right-amygdala","","","rsfmri_cor_network.gordon_auditory_subcort.aseg_amygdala.rh,rsfmri_cor_networkgordon_auditory_subcortaseg_amygdalarh"
"rsfmri_cor_ngd_au_scs_aarh","Float","","Recommended","Average correlation between auditory network and ASEG ROI right-accumbens-area","","","rsfmri_cor_network.gordon_auditory_subcort.aseg_accumbens.area.rh,rsfmri_cor_networkgordon_auditory_subcortaseg_accumbensarearh"
"rsfmri_cor_ngd_au_scs_vtdcrh","Float","","Recommended","Average correlation between auditory network and ASEG ROI right-ventraldc","","","rsfmri_cor_network.gordon_auditory_subcort.aseg_ventraldc.rh,rsfmri_cor_networkgordon_auditory_subcortaseg_ventraldcrh"
"rsfmri_cor_ngd_cerc_scs_crcxlh","Float","","Recommended","Average correlation between cingulo-opercular network and ASEG ROI left-cerebellum-cortex","","","rsfmri_cor_network.gordon_cingulooperc_subcort.aseg_cerebellum.cortex.lh,rsfmri_cor_networkgordon_cingulooperc_subcortaseg_cerebellumcortexlh"
"rsfmri_cor_ngd_cerc_scs_thplh","Float","","Recommended","Average correlation between cingulo-opercular network and ASEG ROI left-thalamus-proper","","","rsfmri_cor_network.gordon_cingulooperc_subcort.aseg_thalamus.proper.lh,rsfmri_cor_networkgordon_cingulooperc_subcortaseg_thalamusproperlh"
"rsfmri_cor_ngd_cerc_scs_cdelh","Float","","Recommended","Average correlation between cingulo-opercular network and ASEG ROI left-caudate","","","rsfmri_cor_network.gordon_cingulooperc_subcort.aseg_caudate.lh,rsfmri_cor_networkgordon_cingulooperc_subcortaseg_caudatelh"
"rsfmri_cor_ngd_cerc_scs_ptlh","Float","","Recommended","Average correlation between cingulo-opercular network and ASEG ROI left-putamen","","","rsfmri_cor_network.gordon_cingulooperc_subcort.aseg_putamen.lh,rsfmri_cor_networkgordon_cingulooperc_subcortaseg_putamenlh"
"rsfmri_cor_ngd_cerc_scs_pllh","Float","","Recommended","Average correlation between cingulo-opercular network and ASEG ROI left-pallidum","","","rsfmri_cor_network.gordon_cingulooperc_subcort.aseg_pallidum.lh,rsfmri_cor_networkgordon_cingulooperc_subcortaseg_pallidumlh"
"rsfmri_cor_ngd_cerc_scs_bs","Float","","Recommended","Average correlation between cingulo-opercular network and ASEG ROI brain-stem","","","rsfmri_cor_network.gordon_cingulooperc_subcort.aseg_brain.stem,rsfmri_cor_networkgordon_cingulooperc_subcortaseg_brainstem"
"rsfmri_cor_ngd_cerc_scs_hplh","Float","","Recommended","Average correlation between cingulo-opercular network and ASEG ROI left-hippocampus","","","rsfmri_cor_network.gordon_cingulooperc_subcort.aseg_hippocampus.lh,rsfmri_cor_networkgordon_cingulooperc_subcortaseg_hippocampuslh"
"rsfmri_cor_ngd_cerc_scs_aglh","Float","","Recommended","Average correlation between cingulo-opercular network and ASEG ROI left-amygdala","","","rsfmri_cor_network.gordon_cingulooperc_subcort.aseg_amygdala.lh,rsfmri_cor_networkgordon_cingulooperc_subcortaseg_amygdalalh"
"rsfmri_cor_ngd_cerc_scs_aalh","Float","","Recommended","Average correlation between cingulo-opercular network and ASEG ROI left-accumbens-area","","","rsfmri_cor_network.gordon_cingulooperc_subcort.aseg_accumbens.area.lh,rsfmri_cor_networkgordon_cingulooperc_subcortaseg_accumbensarealh"
"rsfmri_cor_ngd_cerc_scs_vtdclh","Float","","Recommended","Average correlation between cingulo-opercular network and ASEG ROI left-ventraldc","","","rsfmri_cor_network.gordon_cingulooperc_subcort.aseg_ventraldc.lh,rsfmri_cor_networkgordon_cingulooperc_subcortaseg_ventraldclh"
"rsfmri_cor_ngd_cerc_scs_crcxrh","Float","","Recommended","Average correlation between cingulo-opercular network and ASEG ROI right-cerebellum-cortex","","","rsfmri_cor_network.gordon_cingulooperc_subcort.aseg_cerebellum.cortex.rh,rsfmri_cor_networkgordon_cingulooperc_subcortaseg_cerebellumcortexrh"
"rsfmri_cor_ngd_cerc_scs_thprh","Float","","Recommended","Average correlation between cingulo-opercular network and ASEG ROI right-thalamus-proper","","","rsfmri_cor_network.gordon_cingulooperc_subcort.aseg_thalamus.proper.rh,rsfmri_cor_networkgordon_cingulooperc_subcortaseg_thalamusproperrh"
"rsfmri_cor_ngd_cerc_scs_cderh","Float","","Recommended","Average correlation between cingulo-opercular network and ASEG ROI right-caudate","","","rsfmri_cor_network.gordon_cingulooperc_subcort.aseg_caudate.rh,rsfmri_cor_networkgordon_cingulooperc_subcortaseg_caudaterh"
"rsfmri_cor_ngd_cerc_scs_ptrh","Float","","Recommended","Average correlation between cingulo-opercular network and ASEG ROI right-putamen","","","rsfmri_cor_network.gordon_cingulooperc_subcort.aseg_putamen.rh,rsfmri_cor_networkgordon_cingulooperc_subcortaseg_putamenrh"
"rsfmri_cor_ngd_cerc_scs_plrh","Float","","Recommended","Average correlation between cingulo-opercular network and ASEG ROI right-pallidum","","","rsfmri_cor_network.gordon_cingulooperc_subcort.aseg_pallidum.rh,rsfmri_cor_networkgordon_cingulooperc_subcortaseg_pallidumrh"
"rsfmri_cor_ngd_cerc_scs_hprh","Float","","Recommended","Average correlation between cingulo-opercular network and ASEG ROI right-hippocampus","","","rsfmri_cor_network.gordon_cingulooperc_subcort.aseg_hippocampus.rh,rsfmri_cor_networkgordon_cingulooperc_subcortaseg_hippocampusrh"
"rsfmri_cor_ngd_cerc_scs_agrh","Float","","Recommended","Average correlation between cingulo-opercular network and ASEG ROI right-amygdala","","","rsfmri_cor_network.gordon_cingulooperc_subcort.aseg_amygdala.rh,rsfmri_cor_networkgordon_cingulooperc_subcortaseg_amygdalarh"
"rsfmri_cor_ngd_cerc_scs_aarh","Float","","Recommended","Average correlation between cingulo-opercular network and ASEG ROI right-accumbens-area","","","rsfmri_cor_network.gordon_cingulooperc_subcort.aseg_accumbens.area.rh,rsfmri_cor_networkgordon_cingulooperc_subcortaseg_accumbensarearh"
"rsfmri_cor_ngd_cerc_scs_vtdcrh","Float","","Recommended","Average correlation between cingulo-opercular network and ASEG ROI right-ventraldc","","","rsfmri_cor_network.gordon_cingulooperc_subcort.aseg_ventraldc.rh,rsfmri_cor_networkgordon_cingulooperc_subcortaseg_ventraldcrh"
"rsfmri_cor_ngd_copa_scs_crcxlh","Float","","Recommended","Average correlation between cingulo-parietal network and ASEG ROI left-cerebellum-cortex","","","rsfmri_cor_network.gordon_cinguloparietal_subcort.aseg_cerebellum.cortex.lh,rsfmri_cor_networkgordon_cinguloparietal_subcortaseg_cerebellumcortexlh"
"rsfmri_cor_ngd_copa_scs_thplh","Float","","Recommended","Average correlation between cingulo-parietal network and ASEG ROI left-thalamus-proper","","","rsfmri_cor_network.gordon_cinguloparietal_subcort.aseg_thalamus.proper.lh,rsfmri_cor_networkgordon_cinguloparietal_subcortaseg_thalamusproperlh"
"rsfmri_cor_ngd_copa_scs_cdelh","Float","","Recommended","Average correlation between cingulo-parietal network and ASEG ROI left-caudate","","","rsfmri_cor_network.gordon_cinguloparietal_subcort.aseg_caudate.lh,rsfmri_cor_networkgordon_cinguloparietal_subcortaseg_caudatelh"
"rsfmri_cor_ngd_copa_scs_ptlh","Float","","Recommended","Average correlation between cingulo-parietal network and ASEG ROI left-putamen","","","rsfmri_cor_network.gordon_cinguloparietal_subcort.aseg_putamen.lh,rsfmri_cor_networkgordon_cinguloparietal_subcortaseg_putamenlh"
"rsfmri_cor_ngd_copa_scs_pllh","Float","","Recommended","Average correlation between cingulo-parietal network and ASEG ROI left-pallidum","","","rsfmri_cor_network.gordon_cinguloparietal_subcort.aseg_pallidum.lh,rsfmri_cor_networkgordon_cinguloparietal_subcortaseg_pallidumlh"
"rsfmri_cor_ngd_copa_scs_bs","Float","","Recommended","Average correlation between cingulo-parietal network and ASEG ROI brain-stem","","","rsfmri_cor_network.gordon_cinguloparietal_subcort.aseg_brain.stem,rsfmri_cor_networkgordon_cinguloparietal_subcortaseg_brainstem"
"rsfmri_cor_ngd_copa_scs_hplh","Float","","Recommended","Average correlation between cingulo-parietal network and ASEG ROI left-hippocampus","","","rsfmri_cor_network.gordon_cinguloparietal_subcort.aseg_hippocampus.lh,rsfmri_cor_networkgordon_cinguloparietal_subcortaseg_hippocampuslh"
"rsfmri_cor_ngd_copa_scs_aglh","Float","","Recommended","Average correlation between cingulo-parietal network and ASEG ROI left-amygdala","","","rsfmri_cor_network.gordon_cinguloparietal_subcort.aseg_amygdala.lh,rsfmri_cor_networkgordon_cinguloparietal_subcortaseg_amygdalalh"
"rsfmri_cor_ngd_copa_scs_aalh","Float","","Recommended","Average correlation between cingulo-parietal network and ASEG ROI left-accumbens-area","","","rsfmri_cor_network.gordon_cinguloparietal_subcort.aseg_accumbens.area.lh,rsfmri_cor_networkgordon_cinguloparietal_subcortaseg_accumbensarealh"
"rsfmri_cor_ngd_copa_scs_vtdclh","Float","","Recommended","Average correlation between cingulo-parietal network and ASEG ROI left-ventraldc","","","rsfmri_cor_network.gordon_cinguloparietal_subcort.aseg_ventraldc.lh,rsfmri_cor_networkgordon_cinguloparietal_subcortaseg_ventraldclh"
"rsfmri_cor_ngd_copa_scs_crcxrh","Float","","Recommended","Average correlation between cingulo-parietal network and ASEG ROI right-cerebellum-cortex","","","rsfmri_cor_network.gordon_cinguloparietal_subcort.aseg_cerebellum.cortex.rh,rsfmri_cor_networkgordon_cinguloparietal_subcortaseg_cerebellumcortexrh"
"rsfmri_cor_ngd_copa_scs_thprh","Float","","Recommended","Average correlation between cingulo-parietal network and ASEG ROI right-thalamus-proper","","","rsfmri_cor_network.gordon_cinguloparietal_subcort.aseg_thalamus.proper.rh,rsfmri_cor_networkgordon_cinguloparietal_subcortaseg_thalamusproperrh"
"rsfmri_cor_ngd_copa_scs_cderh","Float","","Recommended","Average correlation between cingulo-parietal network and ASEG ROI right-caudate","","","rsfmri_cor_network.gordon_cinguloparietal_subcort.aseg_caudate.rh,rsfmri_cor_networkgordon_cinguloparietal_subcortaseg_caudaterh"
"rsfmri_cor_ngd_copa_scs_ptrh","Float","","Recommended","Average correlation between cingulo-parietal network and ASEG ROI right-putamen","","","rsfmri_cor_network.gordon_cinguloparietal_subcort.aseg_putamen.rh,rsfmri_cor_networkgordon_cinguloparietal_subcortaseg_putamenrh"
"rsfmri_cor_ngd_copa_scs_plrh","Float","","Recommended","Average correlation between cingulo-parietal network and ASEG ROI right-pallidum","","","rsfmri_cor_network.gordon_cinguloparietal_subcort.aseg_pallidum.rh,rsfmri_cor_networkgordon_cinguloparietal_subcortaseg_pallidumrh"
"rsfmri_cor_ngd_copa_scs_hprh","Float","","Recommended","Average correlation between cingulo-parietal network and ASEG ROI right-hippocampus","","","rsfmri_cor_network.gordon_cinguloparietal_subcort.aseg_hippocampus.rh,rsfmri_cor_networkgordon_cinguloparietal_subcortaseg_hippocampusrh"
"rsfmri_cor_ngd_copa_scs_agrh","Float","","Recommended","Average correlation between cingulo-parietal network and ASEG ROI right-amygdala","","","rsfmri_cor_network.gordon_cinguloparietal_subcort.aseg_amygdala.rh,rsfmri_cor_networkgordon_cinguloparietal_subcortaseg_amygdalarh"
"rsfmri_cor_ngd_copa_scs_aarh","Float","","Recommended","Average correlation between cingulo-parietal network and ASEG ROI right-accumbens-area","","","rsfmri_cor_network.gordon_cinguloparietal_subcort.aseg_accumbens.area.rh,rsfmri_cor_networkgordon_cinguloparietal_subcortaseg_accumbensarearh"
"rsfmri_cor_ngd_copa_scs_vtdcrh","Float","","Recommended","Average correlation between cingulo-parietal network and ASEG ROI right-ventraldc","","","rsfmri_cor_network.gordon_cinguloparietal_subcort.aseg_ventraldc.rh,rsfmri_cor_networkgordon_cinguloparietal_subcortaseg_ventraldcrh"
"rsfmri_cor_ngd_df_scs_crcxlh","Float","","Recommended","Average correlation between default network and ASEG ROI left-cerebellum-cortex","","","rsfmri_cor_network.gordon_default_subcort.aseg_cerebellum.cortex.lh,rsfmri_cor_networkgordon_default_subcortaseg_cerebellumcortexlh"
"rsfmri_cor_ngd_df_scs_thplh","Float","","Recommended","Average correlation between default network and ASEG ROI left-thalamus-proper","","","rsfmri_cor_network.gordon_default_subcort.aseg_thalamus.proper.lh,rsfmri_cor_networkgordon_default_subcortaseg_thalamusproperlh"
"rsfmri_cor_ngd_df_scs_cdelh","Float","","Recommended","Average correlation between default network and ASEG ROI left-caudate","","","rsfmri_cor_network.gordon_default_subcort.aseg_caudate.lh,rsfmri_cor_networkgordon_default_subcortaseg_caudatelh"
"rsfmri_cor_ngd_df_scs_ptlh","Float","","Recommended","Average correlation between default network and ASEG ROI left-putamen","","","rsfmri_cor_network.gordon_default_subcort.aseg_putamen.lh,rsfmri_cor_networkgordon_default_subcortaseg_putamenlh"
"rsfmri_cor_ngd_df_scs_pllh","Float","","Recommended","Average correlation between default network and ASEG ROI left-pallidum","","","rsfmri_cor_network.gordon_default_subcort.aseg_pallidum.lh,rsfmri_cor_networkgordon_default_subcortaseg_pallidumlh"
"rsfmri_cor_ngd_df_scs_bs","Float","","Recommended","Average correlation between default network and ASEG ROI brain-stem","","","rsfmri_cor_network.gordon_default_subcort.aseg_brain.stem,rsfmri_cor_networkgordon_default_subcortaseg_brainstem"
"rsfmri_cor_ngd_df_scs_hplh","Float","","Recommended","Average correlation between default network and ASEG ROI left-hippocampus","","","rsfmri_cor_network.gordon_default_subcort.aseg_hippocampus.lh,rsfmri_cor_networkgordon_default_subcortaseg_hippocampuslh"
"rsfmri_cor_ngd_df_scs_aglh","Float","","Recommended","Average correlation between default network and ASEG ROI left-amygdala","","","rsfmri_cor_network.gordon_default_subcort.aseg_amygdala.lh,rsfmri_cor_networkgordon_default_subcortaseg_amygdalalh"
"rsfmri_cor_ngd_df_scs_aalh","Float","","Recommended","Average correlation between default network and ASEG ROI left-accumbens-area","","","rsfmri_cor_network.gordon_default_subcort.aseg_accumbens.area.lh,rsfmri_cor_networkgordon_default_subcortaseg_accumbensarealh"
"rsfmri_cor_ngd_df_scs_vtdclh","Float","","Recommended","Average correlation between default network and ASEG ROI left-ventraldc","","","rsfmri_cor_network.gordon_default_subcort.aseg_ventraldc.lh,rsfmri_cor_networkgordon_default_subcortaseg_ventraldclh"
"rsfmri_cor_ngd_df_scs_crcxrh","Float","","Recommended","Average correlation between default network and ASEG ROI right-cerebellum-cortex","","","rsfmri_cor_network.gordon_default_subcort.aseg_cerebellum.cortex.rh,rsfmri_cor_networkgordon_default_subcortaseg_cerebellumcortexrh"
"rsfmri_cor_ngd_df_scs_thprh","Float","","Recommended","Average correlation between default network and ASEG ROI right-thalamus-proper","","","rsfmri_cor_network.gordon_default_subcort.aseg_thalamus.proper.rh,rsfmri_cor_networkgordon_default_subcortaseg_thalamusproperrh"
"rsfmri_cor_ngd_df_scs_cderh","Float","","Recommended","Average correlation between default network and ASEG ROI right-caudate","","","rsfmri_cor_network.gordon_default_subcort.aseg_caudate.rh,rsfmri_cor_networkgordon_default_subcortaseg_caudaterh"
"rsfmri_cor_ngd_df_scs_ptrh","Float","","Recommended","Average correlation between default network and ASEG ROI right-putamen","","","rsfmri_cor_network.gordon_default_subcort.aseg_putamen.rh,rsfmri_cor_networkgordon_default_subcortaseg_putamenrh"
"rsfmri_cor_ngd_df_scs_plrh","Float","","Recommended","Average correlation between default network and ASEG ROI right-pallidum","","","rsfmri_cor_network.gordon_default_subcort.aseg_pallidum.rh,rsfmri_cor_networkgordon_default_subcortaseg_pallidumrh"
"rsfmri_cor_ngd_df_scs_hprh","Float","","Recommended","Average correlation between default network and ASEG ROI right-hippocampus","","","rsfmri_cor_network.gordon_default_subcort.aseg_hippocampus.rh,rsfmri_cor_networkgordon_default_subcortaseg_hippocampusrh"
"rsfmri_cor_ngd_df_scs_agrh","Float","","Recommended","Average correlation between default network and ASEG ROI right-amygdala","","","rsfmri_cor_network.gordon_default_subcort.aseg_amygdala.rh,rsfmri_cor_networkgordon_default_subcortaseg_amygdalarh"
"rsfmri_cor_ngd_df_scs_aarh","Float","","Recommended","Average correlation between default network and ASEG ROI right-accumbens-area","","","rsfmri_cor_network.gordon_default_subcort.aseg_accumbens.area.rh,rsfmri_cor_networkgordon_default_subcortaseg_accumbensarearh"
"rsfmri_cor_ngd_df_scs_vtdcrh","Float","","Recommended","Average correlation between default network and ASEG ROI right-ventraldc","","","rsfmri_cor_network.gordon_default_subcort.aseg_ventraldc.rh,rsfmri_cor_networkgordon_default_subcortaseg_ventraldcrh"
"rsfmri_cor_ngd_dsa_scs_crcxlh","Float","","Recommended","Average correlation between dorsal attention network and ASEG ROI left-cerebellum-cortex","","","rsfmri_cor_network.gordon_dorsalattn_subcort.aseg_cerebellum.cortex.lh,rsfmri_cor_networkgordon_dorsalattn_subcortaseg_cerebellumcortexlh"
"rsfmri_cor_ngd_dsa_scs_thplh","Float","","Recommended","Average correlation between dorsal attention network and ASEG ROI left-thalamus-proper","","","rsfmri_cor_network.gordon_dorsalattn_subcort.aseg_thalamus.proper.lh,rsfmri_cor_networkgordon_dorsalattn_subcortaseg_thalamusproperlh"
"rsfmri_cor_ngd_dsa_scs_cdelh","Float","","Recommended","Average correlation between dorsal attention network and ASEG ROI left-caudate","","","rsfmri_cor_network.gordon_dorsalattn_subcort.aseg_caudate.lh,rsfmri_cor_networkgordon_dorsalattn_subcortaseg_caudatelh"
"rsfmri_cor_ngd_dsa_scs_ptlh","Float","","Recommended","Average correlation between dorsal attention network and ASEG ROI left-putamen","","","rsfmri_cor_network.gordon_dorsalattn_subcort.aseg_putamen.lh,rsfmri_cor_networkgordon_dorsalattn_subcortaseg_putamenlh"
"rsfmri_cor_ngd_dsa_scs_pllh","Float","","Recommended","Average correlation between dorsal attention network and ASEG ROI left-pallidum","","","rsfmri_cor_network.gordon_dorsalattn_subcort.aseg_pallidum.lh,rsfmri_cor_networkgordon_dorsalattn_subcortaseg_pallidumlh"
"rsfmri_cor_ngd_dsa_scs_bs","Float","","Recommended","Average correlation between dorsal attention network and ASEG ROI brain-stem","","","rsfmri_cor_network.gordon_dorsalattn_subcort.aseg_brain.stem,rsfmri_cor_networkgordon_dorsalattn_subcortaseg_brainstem"
"rsfmri_cor_ngd_dsa_scs_hplh","Float","","Recommended","Average correlation between dorsal attention network and ASEG ROI left-hippocampus","","","rsfmri_cor_network.gordon_dorsalattn_subcort.aseg_hippocampus.lh,rsfmri_cor_networkgordon_dorsalattn_subcortaseg_hippocampuslh"
"rsfmri_cor_ngd_dsa_scs_aglh","Float","","Recommended","Average correlation between dorsal attention network and ASEG ROI left-amygdala","","","rsfmri_cor_network.gordon_dorsalattn_subcort.aseg_amygdala.lh,rsfmri_cor_networkgordon_dorsalattn_subcortaseg_amygdalalh"
"rsfmri_cor_ngd_dsa_scs_aalh","Float","","Recommended","Average correlation between dorsal attention network and ASEG ROI left-accumbens-area","","","rsfmri_cor_network.gordon_dorsalattn_subcort.aseg_accumbens.area.lh,rsfmri_cor_networkgordon_dorsalattn_subcortaseg_accumbensarealh"
"rsfmri_cor_ngd_dsa_scs_vtdclh","Float","","Recommended","Average correlation between dorsal attention network and ASEG ROI left-ventraldc","","","rsfmri_cor_network.gordon_dorsalattn_subcort.aseg_ventraldc.lh,rsfmri_cor_networkgordon_dorsalattn_subcortaseg_ventraldclh"
"rsfmri_cor_ngd_dsa_scs_crcxrh","Float","","Recommended","Average correlation between dorsal attention network and ASEG ROI right-cerebellum-cortex","","","rsfmri_cor_network.gordon_dorsalattn_subcort.aseg_cerebellum.cortex.rh,rsfmri_cor_networkgordon_dorsalattn_subcortaseg_cerebellumcortexrh"
"rsfmri_cor_ngd_dsa_scs_thprh","Float","","Recommended","Average correlation between dorsal attention network and ASEG ROI right-thalamus-proper","","","rsfmri_cor_network.gordon_dorsalattn_subcort.aseg_thalamus.proper.rh,rsfmri_cor_networkgordon_dorsalattn_subcortaseg_thalamusproperrh"
"rsfmri_cor_ngd_dsa_scs_cderh","Float","","Recommended","Average correlation between dorsal attention network and ASEG ROI right-caudate","","","rsfmri_cor_network.gordon_dorsalattn_subcort.aseg_caudate.rh,rsfmri_cor_networkgordon_dorsalattn_subcortaseg_caudaterh"
"rsfmri_cor_ngd_dsa_scs_ptrh","Float","","Recommended","Average correlation between dorsal attention network and ASEG ROI right-putamen","","","rsfmri_cor_network.gordon_dorsalattn_subcort.aseg_putamen.rh,rsfmri_cor_networkgordon_dorsalattn_subcortaseg_putamenrh"
"rsfmri_cor_ngd_dsa_scs_plrh","Float","","Recommended","Average correlation between dorsal attention network and ASEG ROI right-pallidum","","","rsfmri_cor_network.gordon_dorsalattn_subcort.aseg_pallidum.rh,rsfmri_cor_networkgordon_dorsalattn_subcortaseg_pallidumrh"
"rsfmri_cor_ngd_dsa_scs_hprh","Float","","Recommended","Average correlation between dorsal attention network and ASEG ROI right-hippocampus","","","rsfmri_cor_network.gordon_dorsalattn_subcort.aseg_hippocampus.rh,rsfmri_cor_networkgordon_dorsalattn_subcortaseg_hippocampusrh"
"rsfmri_cor_ngd_dsa_scs_agrh","Float","","Recommended","Average correlation between dorsal attention network and ASEG ROI right-amygdala","","","rsfmri_cor_network.gordon_dorsalattn_subcort.aseg_amygdala.rh,rsfmri_cor_networkgordon_dorsalattn_subcortaseg_amygdalarh"
"rsfmri_cor_ngd_dsa_scs_aarh","Float","","Recommended","Average correlation between dorsal attention network and ASEG ROI right-accumbens-area","","","rsfmri_cor_network.gordon_dorsalattn_subcort.aseg_accumbens.area.rh,rsfmri_cor_networkgordon_dorsalattn_subcortaseg_accumbensarearh"
"rsfmri_cor_ngd_dsa_scs_vtdcrh","Float","","Recommended","Average correlation between dorsal attention network and ASEG ROI right-ventraldc","","","rsfmri_cor_network.gordon_dorsalattn_subcort.aseg_ventraldc.rh,rsfmri_cor_networkgordon_dorsalattn_subcortaseg_ventraldcrh"
"rsfmri_cor_ngd_fopa_scs_crcxlh","Float","","Recommended","Average correlation between fronto-parietal network and ASEG ROI left-cerebellum-cortex","","","rsfmri_cor_network.gordon_frontoparietal_subcort.aseg_cerebellum.cortex.lh,rsfmri_cor_networkgordon_frontoparietal_subcortaseg_cerebellumcortexlh"
"rsfmri_cor_ngd_fopa_scs_thplh","Float","","Recommended","Average correlation between fronto-parietal network and ASEG ROI left-thalamus-proper","","","rsfmri_cor_network.gordon_frontoparietal_subcort.aseg_thalamus.proper.lh,rsfmri_cor_networkgordon_frontoparietal_subcortaseg_thalamusproperlh"
"rsfmri_cor_ngd_fopa_scs_cdelh","Float","","Recommended","Average correlation between fronto-parietal network and ASEG ROI left-caudate","","","rsfmri_cor_network.gordon_frontoparietal_subcort.aseg_caudate.lh,rsfmri_cor_networkgordon_frontoparietal_subcortaseg_caudatelh"
"rsfmri_cor_ngd_fopa_scs_ptlh","Float","","Recommended","Average correlation between fronto-parietal network and ASEG ROI left-putamen","","","rsfmri_cor_network.gordon_frontoparietal_subcort.aseg_putamen.lh,rsfmri_cor_networkgordon_frontoparietal_subcortaseg_putamenlh"
"rsfmri_cor_ngd_fopa_scs_pllh","Float","","Recommended","Average correlation between fronto-parietal network and ASEG ROI left-pallidum","","","rsfmri_cor_network.gordon_frontoparietal_subcort.aseg_pallidum.lh,rsfmri_cor_networkgordon_frontoparietal_subcortaseg_pallidumlh"
"rsfmri_cor_ngd_fopa_scs_bs","Float","","Recommended","Average correlation between fronto-parietal network and ASEG ROI brain-stem","","","rsfmri_cor_network.gordon_frontoparietal_subcort.aseg_brain.stem,rsfmri_cor_networkgordon_frontoparietal_subcortaseg_brainstem"
"rsfmri_cor_ngd_fopa_scs_hplh","Float","","Recommended","Average correlation between fronto-parietal network and ASEG ROI left-hippocampus","","","rsfmri_cor_network.gordon_frontoparietal_subcort.aseg_hippocampus.lh,rsfmri_cor_networkgordon_frontoparietal_subcortaseg_hippocampuslh"
"rsfmri_cor_ngd_fopa_scs_aglh","Float","","Recommended","Average correlation between fronto-parietal network and ASEG ROI left-amygdala","","","rsfmri_cor_network.gordon_frontoparietal_subcort.aseg_amygdala.lh,rsfmri_cor_networkgordon_frontoparietal_subcortaseg_amygdalalh"
"rsfmri_cor_ngd_fopa_scs_aalh","Float","","Recommended","Average correlation between fronto-parietal network and ASEG ROI left-accumbens-area","","","rsfmri_cor_network.gordon_frontoparietal_subcort.aseg_accumbens.area.lh,rsfmri_cor_networkgordon_frontoparietal_subcortaseg_accumbensarealh"
"rsfmri_cor_ngd_fopa_scs_vtdclh","Float","","Recommended","Average correlation between fronto-parietal network and ASEG ROI left-ventraldc","","","rsfmri_cor_network.gordon_frontoparietal_subcort.aseg_ventraldc.lh,rsfmri_cor_networkgordon_frontoparietal_subcortaseg_ventraldclh"
"rsfmri_cor_ngd_fopa_scs_crcxrh","Float","","Recommended","Average correlation between fronto-parietal network and ASEG ROI right-cerebellum-cortex","","","rsfmri_cor_network.gordon_frontoparietal_subcort.aseg_cerebellum.cortex.rh,rsfmri_cor_networkgordon_frontoparietal_subcortaseg_cerebellumcortexrh"
"rsfmri_cor_ngd_fopa_scs_thprh","Float","","Recommended","Average correlation between fronto-parietal network and ASEG ROI right-thalamus-proper","","","rsfmri_cor_network.gordon_frontoparietal_subcort.aseg_thalamus.proper.rh,rsfmri_cor_networkgordon_frontoparietal_subcortaseg_thalamusproperrh"
"rsfmri_cor_ngd_fopa_scs_cderh","Float","","Recommended","Average correlation between fronto-parietal network and ASEG ROI right-caudate","","","rsfmri_cor_network.gordon_frontoparietal_subcort.aseg_caudate.rh,rsfmri_cor_networkgordon_frontoparietal_subcortaseg_caudaterh"
"rsfmri_cor_ngd_fopa_scs_ptrh","Float","","Recommended","Average correlation between fronto-parietal network and ASEG ROI right-putamen","","","rsfmri_cor_network.gordon_frontoparietal_subcort.aseg_putamen.rh,rsfmri_cor_networkgordon_frontoparietal_subcortaseg_putamenrh"
"rsfmri_cor_ngd_fopa_scs_plrh","Float","","Recommended","Average correlation between fronto-parietal network and ASEG ROI right-pallidum","","","rsfmri_cor_network.gordon_frontoparietal_subcort.aseg_pallidum.rh,rsfmri_cor_networkgordon_frontoparietal_subcortaseg_pallidumrh"
"rsfmri_cor_ngd_fopa_scs_hprh","Float","","Recommended","Average correlation between fronto-parietal network and ASEG ROI right-hippocampus","","","rsfmri_cor_network.gordon_frontoparietal_subcort.aseg_hippocampus.rh,rsfmri_cor_networkgordon_frontoparietal_subcortaseg_hippocampusrh"
"rsfmri_cor_ngd_fopa_scs_agrh","Float","","Recommended","Average correlation between fronto-parietal network and ASEG ROI right-amygdala","","","rsfmri_cor_network.gordon_frontoparietal_subcort.aseg_amygdala.rh,rsfmri_cor_networkgordon_frontoparietal_subcortaseg_amygdalarh"
"rsfmri_cor_ngd_fopa_scs_aarh","Float","","Recommended","Average correlation between fronto-parietal network and ASEG ROI right-accumbens-area","","","rsfmri_cor_network.gordon_frontoparietal_subcort.aseg_accumbens.area.rh,rsfmri_cor_networkgordon_frontoparietal_subcortaseg_accumbensarearh"
"rsfmri_cor_ngd_fopa_scs_vtdcrh","Float","","Recommended","Average correlation between fronto-parietal network and ASEG ROI right-ventraldc","","","rsfmri_cor_network.gordon_frontoparietal_subcort.aseg_ventraldc.rh,rsfmri_cor_networkgordon_frontoparietal_subcortaseg_ventraldcrh"
"rsfmri_cor_ngd_none_scs_crcxlh","Float","","Recommended","Average correlation between ""none"" network and ASEG ROI left-cerebellum-cortex","","","rsfmri_cor_network.gordon_none_subcort.aseg_cerebellum.cortex.lh,rsfmri_cor_networkgordon_none_subcortaseg_cerebellumcortexlh"
"rsfmri_cor_ngd_none_scs_thplh","Float","","Recommended","Average correlation between ""none"" network and ASEG ROI left-thalamus-proper","","","rsfmri_cor_network.gordon_none_subcort.aseg_thalamus.proper.lh,rsfmri_cor_networkgordon_none_subcortaseg_thalamusproperlh"
"rsfmri_cor_ngd_none_scs_cdelh","Float","","Recommended","Average correlation between ""none"" network and ASEG ROI left-caudate","","","rsfmri_cor_network.gordon_none_subcort.aseg_caudate.lh,rsfmri_cor_networkgordon_none_subcortaseg_caudatelh"
"rsfmri_cor_ngd_none_scs_ptlh","Float","","Recommended","Average correlation between ""none"" network and ASEG ROI left-putamen","","","rsfmri_cor_network.gordon_none_subcort.aseg_putamen.lh,rsfmri_cor_networkgordon_none_subcortaseg_putamenlh"
"rsfmri_cor_ngd_none_scs_pllh","Float","","Recommended","Average correlation between ""none"" network and ASEG ROI left-pallidum","","","rsfmri_cor_network.gordon_none_subcort.aseg_pallidum.lh,rsfmri_cor_networkgordon_none_subcortaseg_pallidumlh"
"rsfmri_cor_ngd_none_scs_bs","Float","","Recommended","Average correlation between ""none"" network and ASEG ROI brain-stem","","","rsfmri_cor_network.gordon_none_subcort.aseg_brain.stem,rsfmri_cor_networkgordon_none_subcortaseg_brainstem"
"rsfmri_cor_ngd_none_scs_hplh","Float","","Recommended","Average correlation between ""none"" network and ASEG ROI left-hippocampus","","","rsfmri_cor_network.gordon_none_subcort.aseg_hippocampus.lh,rsfmri_cor_networkgordon_none_subcortaseg_hippocampuslh"
"rsfmri_cor_ngd_none_scs_aglh","Float","","Recommended","Average correlation between ""none"" network and ASEG ROI left-amygdala","","","rsfmri_cor_network.gordon_none_subcort.aseg_amygdala.lh,rsfmri_cor_networkgordon_none_subcortaseg_amygdalalh"
"rsfmri_cor_ngd_none_scs_aalh","Float","","Recommended","Average correlation between ""none"" network and ASEG ROI left-accumbens-area","","","rsfmri_cor_network.gordon_none_subcort.aseg_accumbens.area.lh,rsfmri_cor_networkgordon_none_subcortaseg_accumbensarealh"
"rsfmri_cor_ngd_none_scs_vtdclh","Float","","Recommended","Average correlation between ""none"" network and ASEG ROI left-ventraldc","","","rsfmri_cor_network.gordon_none_subcort.aseg_ventraldc.lh,rsfmri_cor_networkgordon_none_subcortaseg_ventraldclh"
"rsfmri_cor_ngd_none_scs_crcxrh","Float","","Recommended","Average correlation between ""none"" network and ASEG ROI right-cerebellum-cortex","","","rsfmri_cor_network.gordon_none_subcort.aseg_cerebellum.cortex.rh,rsfmri_cor_networkgordon_none_subcortaseg_cerebellumcortexrh"
"rsfmri_cor_ngd_none_scs_thprh","Float","","Recommended","Average correlation between ""none"" network and ASEG ROI right-thalamus-proper","","","rsfmri_cor_network.gordon_none_subcort.aseg_thalamus.proper.rh,rsfmri_cor_networkgordon_none_subcortaseg_thalamusproperrh"
"rsfmri_cor_ngd_none_scs_cderh","Float","","Recommended","Average correlation between ""none"" network and ASEG ROI right-caudate","","","rsfmri_cor_network.gordon_none_subcort.aseg_caudate.rh,rsfmri_cor_networkgordon_none_subcortaseg_caudaterh"
"rsfmri_cor_ngd_none_scs_ptrh","Float","","Recommended","Average correlation between ""none"" network and ASEG ROI right-putamen","","","rsfmri_cor_network.gordon_none_subcort.aseg_putamen.rh,rsfmri_cor_networkgordon_none_subcortaseg_putamenrh"
"rsfmri_cor_ngd_none_scs_plrh","Float","","Recommended","Average correlation between ""none"" network and ASEG ROI right-pallidum","","","rsfmri_cor_network.gordon_none_subcort.aseg_pallidum.rh,rsfmri_cor_networkgordon_none_subcortaseg_pallidumrh"
"rsfmri_cor_ngd_none_scs_hprh","Float","","Recommended","Average correlation between ""none"" network and ASEG ROI right-hippocampus","","","rsfmri_cor_network.gordon_none_subcort.aseg_hippocampus.rh,rsfmri_cor_networkgordon_none_subcortaseg_hippocampusrh"
"rsfmri_cor_ngd_none_scs_agrh","Float","","Recommended","Average correlation between ""none"" network and ASEG ROI right-amygdala","","","rsfmri_cor_network.gordon_none_subcort.aseg_amygdala.rh,rsfmri_cor_networkgordon_none_subcortaseg_amygdalarh"
"rsfmri_cor_ngd_none_scs_aarh","Float","","Recommended","Average correlation between ""none"" network and ASEG ROI right-accumbens-area","","","rsfmri_cor_network.gordon_none_subcort.aseg_accumbens.area.rh,rsfmri_cor_networkgordon_none_subcortaseg_accumbensarearh"
"rsfmri_cor_ngd_none_scs_vtdcrh","Float","","Recommended","Average correlation between ""none"" network and ASEG ROI right-ventraldc","","","rsfmri_cor_network.gordon_none_subcort.aseg_ventraldc.rh,rsfmri_cor_networkgordon_none_subcortaseg_ventraldcrh"
"rsfmri_cor_ngd_rst_scs_crcxlh","Float","","Recommended","Average correlation between retrosplenial temporal network and ASEG ROI left-cerebellum-cortex","","","rsfmri_cor_network.gordon_retrosplenialtemporal_subcort.aseg_cerebellum.cortex.lh,rsfmri_cor_networkgordon_retrosplenialtemporal_subcortaseg_cerebellumcortexlh"
"rsfmri_cor_ngd_rst_scs_thplh","Float","","Recommended","Average correlation between retrosplenial temporal network and ASEG ROI left-thalamus-proper","","","rsfmri_cor_network.gordon_retrosplenialtemporal_subcort.aseg_thalamus.proper.lh,rsfmri_cor_networkgordon_retrosplenialtemporal_subcortaseg_thalamusproperlh"
"rsfmri_cor_ngd_rst_scs_cdelh","Float","","Recommended","Average correlation between retrosplenial temporal network and ASEG ROI left-caudate","","","rsfmri_cor_network.gordon_retrosplenialtemporal_subcort.aseg_caudate.lh,rsfmri_cor_networkgordon_retrosplenialtemporal_subcortaseg_caudatelh"
"rsfmri_cor_ngd_rst_scs_ptlh","Float","","Recommended","Average correlation between retrosplenial temporal network and ASEG ROI left-putamen","","","rsfmri_cor_network.gordon_retrosplenialtemporal_subcort.aseg_putamen.lh,rsfmri_cor_networkgordon_retrosplenialtemporal_subcortaseg_putamenlh"
"rsfmri_cor_ngd_rst_scs_pllh","Float","","Recommended","Average correlation between retrosplenial temporal network and ASEG ROI left-pallidum","","","rsfmri_cor_network.gordon_retrosplenialtemporal_subcort.aseg_pallidum.lh,rsfmri_cor_networkgordon_retrosplenialtemporal_subcortaseg_pallidumlh"
"rsfmri_cor_ngd_rst_scs_bs","Float","","Recommended","Average correlation between retrosplenial temporal network and ASEG ROI brain-stem","","","rsfmri_cor_network.gordon_retrosplenialtemporal_subcort.aseg_brain.stem,rsfmri_cor_networkgordon_retrosplenialtemporal_subcortaseg_brainstem"
"rsfmri_cor_ngd_rst_scs_hplh","Float","","Recommended","Average correlation between retrosplenial temporal network and ASEG ROI left-hippocampus","","","rsfmri_cor_network.gordon_retrosplenialtemporal_subcort.aseg_hippocampus.lh,rsfmri_cor_networkgordon_retrosplenialtemporal_subcortaseg_hippocampuslh"
"rsfmri_cor_ngd_rst_scs_aglh","Float","","Recommended","Average correlation between retrosplenial temporal network and ASEG ROI left-amygdala","","","rsfmri_cor_network.gordon_retrosplenialtemporal_subcort.aseg_amygdala.lh,rsfmri_cor_networkgordon_retrosplenialtemporal_subcortaseg_amygdalalh"
"rsfmri_cor_ngd_rst_scs_aalh","Float","","Recommended","Average correlation between retrosplenial temporal network and ASEG ROI left-accumbens-area","","","rsfmri_cor_network.gordon_retrosplenialtemporal_subcort.aseg_accumbens.area.lh,rsfmri_cor_networkgordon_retrosplenialtemporal_subcortaseg_accumbensarealh"
"rsfmri_cor_ngd_rst_scs_vtdclh","Float","","Recommended","Average correlation between retrosplenial temporal network and ASEG ROI left-ventraldc","","","rsfmri_cor_network.gordon_retrosplenialtemporal_subcort.aseg_ventraldc.lh,rsfmri_cor_networkgordon_retrosplenialtemporal_subcortaseg_ventraldclh"
"rsfmri_cor_ngd_rst_scs_crcxrh","Float","","Recommended","Average correlation between retrosplenial temporal network and ASEG ROI right-cerebellum-cortex","","","rsfmri_cor_network.gordon_retrosplenialtemporal_subcort.aseg_cerebellum.cortex.rh,rsfmri_cor_networkgordon_retrosplenialtemporal_subcortaseg_cerebellumcortexrh"
"rsfmri_cor_ngd_rst_scs_thprh","Float","","Recommended","Average correlation between retrosplenial temporal network and ASEG ROI right-thalamus-proper","","","rsfmri_cor_network.gordon_retrosplenialtemporal_subcort.aseg_thalamus.proper.rh,rsfmri_cor_networkgordon_retrosplenialtemporal_subcortaseg_thalamusproperrh"
"rsfmri_cor_ngd_rst_scs_cderh","Float","","Recommended","Average correlation between retrosplenial temporal network and ASEG ROI right-caudate","","","rsfmri_cor_network.gordon_retrosplenialtemporal_subcort.aseg_caudate.rh,rsfmri_cor_networkgordon_retrosplenialtemporal_subcortaseg_caudaterh"
"rsfmri_cor_ngd_rst_scs_ptrh","Float","","Recommended","Average correlation between retrosplenial temporal network and ASEG ROI right-putamen","","","rsfmri_cor_network.gordon_retrosplenialtemporal_subcort.aseg_putamen.rh,rsfmri_cor_networkgordon_retrosplenialtemporal_subcortaseg_putamenrh"
"rsfmri_cor_ngd_rst_scs_plrh","Float","","Recommended","Average correlation between retrosplenial temporal network and ASEG ROI right-pallidum","","","rsfmri_cor_network.gordon_retrosplenialtemporal_subcort.aseg_pallidum.rh,rsfmri_cor_networkgordon_retrosplenialtemporal_subcortaseg_pallidumrh"
"rsfmri_cor_ngd_rst_scs_hprh","Float","","Recommended","Average correlation between retrosplenial temporal network and ASEG ROI right-hippocampus","","","rsfmri_cor_network.gordon_retrosplenialtemporal_subcort.aseg_hippocampus.rh,rsfmri_cor_networkgordon_retrosplenialtemporal_subcortaseg_hippocampusrh"
"rsfmri_cor_ngd_rst_scs_agrh","Float","","Recommended","Average correlation between retrosplenial temporal network and ASEG ROI right-amygdala","","","rsfmri_cor_network.gordon_retrosplenialtemporal_subcort.aseg_amygdala.rh,rsfmri_cor_networkgordon_retrosplenialtemporal_subcortaseg_amygdalarh"
"rsfmri_cor_ngd_rst_scs_aarh","Float","","Recommended","Average correlation between retrosplenial temporal network and ASEG ROI right-accumbens-area","","","rsfmri_cor_network.gordon_retrosplenialtemporal_subcort.aseg_accumbens.area.rh,rsfmri_cor_networkgordon_retrosplenialtemporal_subcortaseg_accumbensarearh"
"rsfmri_cor_ngd_rst_scs_vtdcrh","Float","","Recommended","Average correlation between retrosplenial temporal network and ASEG ROI right-ventraldc","","","rsfmri_cor_network.gordon_retrosplenialtemporal_subcort.aseg_ventraldc.rh,rsfmri_cor_networkgordon_retrosplenialtemporal_subcortaseg_ventraldcrh"
"rsfmri_cor_ngd_smh_scs_crcxlh","Float","","Recommended","Average correlation between sensorimotor hand network and ASEG ROI left-cerebellum-cortex","","","rsfmri_cor_network.gordon_smhand_subcort.aseg_cerebellum.cortex.lh,rsfmri_cor_networkgordon_smhand_subcortaseg_cerebellumcortexlh"
"rsfmri_cor_ngd_smh_scs_thplh","Float","","Recommended","Average correlation between sensorimotor hand network and ASEG ROI left-thalamus-proper","","","rsfmri_cor_network.gordon_smhand_subcort.aseg_thalamus.proper.lh,rsfmri_cor_networkgordon_smhand_subcortaseg_thalamusproperlh"
"rsfmri_cor_ngd_smh_scs_cdelh","Float","","Recommended","Average correlation between sensorimotor hand network and ASEG ROI left-caudate","","","rsfmri_cor_network.gordon_smhand_subcort.aseg_caudate.lh,rsfmri_cor_networkgordon_smhand_subcortaseg_caudatelh"
"rsfmri_cor_ngd_smh_scs_ptlh","Float","","Recommended","Average correlation between sensorimotor hand network and ASEG ROI left-putamen","","","rsfmri_cor_network.gordon_smhand_subcort.aseg_putamen.lh,rsfmri_cor_networkgordon_smhand_subcortaseg_putamenlh"
"rsfmri_cor_ngd_smh_scs_pllh","Float","","Recommended","Average correlation between sensorimotor hand network and ASEG ROI left-pallidum","","","rsfmri_cor_network.gordon_smhand_subcort.aseg_pallidum.lh,rsfmri_cor_networkgordon_smhand_subcortaseg_pallidumlh"
"rsfmri_cor_ngd_smh_scs_bs","Float","","Recommended","Average correlation between sensorimotor hand network and ASEG ROI brain-stem","","","rsfmri_cor_network.gordon_smhand_subcort.aseg_brain.stem,rsfmri_cor_networkgordon_smhand_subcortaseg_brainstem"
"rsfmri_cor_ngd_smh_scs_hplh","Float","","Recommended","Average correlation between sensorimotor hand network and ASEG ROI left-hippocampus","","","rsfmri_cor_network.gordon_smhand_subcort.aseg_hippocampus.lh,rsfmri_cor_networkgordon_smhand_subcortaseg_hippocampuslh"
"rsfmri_cor_ngd_smh_scs_aglh","Float","","Recommended","Average correlation between sensorimotor hand network and ASEG ROI left-amygdala","","","rsfmri_cor_network.gordon_smhand_subcort.aseg_amygdala.lh,rsfmri_cor_networkgordon_smhand_subcortaseg_amygdalalh"
"rsfmri_cor_ngd_smh_scs_aalh","Float","","Recommended","Average correlation between sensorimotor hand network and ASEG ROI left-accumbens-area","","","rsfmri_cor_network.gordon_smhand_subcort.aseg_accumbens.area.lh,rsfmri_cor_networkgordon_smhand_subcortaseg_accumbensarealh"
"rsfmri_cor_ngd_smh_scs_vtdclh","Float","","Recommended","Average correlation between sensorimotor hand network and ASEG ROI left-ventraldc","","","rsfmri_cor_network.gordon_smhand_subcort.aseg_ventraldc.lh,rsfmri_cor_networkgordon_smhand_subcortaseg_ventraldclh"
"rsfmri_cor_ngd_smh_scs_crcxrh","Float","","Recommended","Average correlation between sensorimotor hand network and ASEG ROI right-cerebellum-cortex","","","rsfmri_cor_network.gordon_smhand_subcort.aseg_cerebellum.cortex.rh,rsfmri_cor_networkgordon_smhand_subcortaseg_cerebellumcortexrh"
"rsfmri_cor_ngd_smh_scs_thprh","Float","","Recommended","Average correlation between sensorimotor hand network and ASEG ROI right-thalamus-proper","","","rsfmri_cor_network.gordon_smhand_subcort.aseg_thalamus.proper.rh,rsfmri_cor_networkgordon_smhand_subcortaseg_thalamusproperrh"
"rsfmri_cor_ngd_smh_scs_cderh","Float","","Recommended","Average correlation between sensorimotor hand network and ASEG ROI right-caudate","","","rsfmri_cor_network.gordon_smhand_subcort.aseg_caudate.rh,rsfmri_cor_networkgordon_smhand_subcortaseg_caudaterh"
"rsfmri_cor_ngd_smh_scs_ptrh","Float","","Recommended","Average correlation between sensorimotor hand network and ASEG ROI right-putamen","","","rsfmri_cor_network.gordon_smhand_subcort.aseg_putamen.rh,rsfmri_cor_networkgordon_smhand_subcortaseg_putamenrh"
"rsfmri_cor_ngd_smh_scs_plrh","Float","","Recommended","Average correlation between sensorimotor hand network and ASEG ROI right-pallidum","","","rsfmri_cor_network.gordon_smhand_subcort.aseg_pallidum.rh,rsfmri_cor_networkgordon_smhand_subcortaseg_pallidumrh"
"rsfmri_cor_ngd_smh_scs_hprh","Float","","Recommended","Average correlation between sensorimotor hand network and ASEG ROI right-hippocampus","","","rsfmri_cor_network.gordon_smhand_subcort.aseg_hippocampus.rh,rsfmri_cor_networkgordon_smhand_subcortaseg_hippocampusrh"
"rsfmri_cor_ngd_smh_scs_agrh","Float","","Recommended","Average correlation between sensorimotor hand network and ASEG ROI right-amygdala","","","rsfmri_cor_network.gordon_smhand_subcort.aseg_amygdala.rh,rsfmri_cor_networkgordon_smhand_subcortaseg_amygdalarh"
"rsfmri_cor_ngd_smh_scs_aarh","Float","","Recommended","Average correlation between sensorimotor hand network and ASEG ROI right-accumbens-area","","","rsfmri_cor_network.gordon_smhand_subcort.aseg_accumbens.area.rh,rsfmri_cor_networkgordon_smhand_subcortaseg_accumbensarearh"
"rsfmri_cor_ngd_smh_scs_vtdcrh","Float","","Recommended","Average correlation between sensorimotor hand network and ASEG ROI right-ventraldc","","","rsfmri_cor_network.gordon_smhand_subcort.aseg_ventraldc.rh,rsfmri_cor_networkgordon_smhand_subcortaseg_ventraldcrh"
"rsfmri_cor_ngd_smm_scs_crcxlh","Float","","Recommended","Average correlation between sensorimotor mouth network and ASEG ROI left-cerebellum-cortex","","","rsfmri_cor_network.gordon_smmouth_subcort.aseg_cerebellum.cortex.lh,rsfmri_cor_networkgordon_smmouth_subcortaseg_cerebellumcortexlh"
"rsfmri_cor_ngd_smm_scs_thplh","Float","","Recommended","Average correlation between sensorimotor mouth network and ASEG ROI left-thalamus-proper","","","rsfmri_cor_network.gordon_smmouth_subcort.aseg_thalamus.proper.lh,rsfmri_cor_networkgordon_smmouth_subcortaseg_thalamusproperlh"
"rsfmri_cor_ngd_smm_scs_cdelh","Float","","Recommended","Average correlation between sensorimotor mouth network and ASEG ROI left-caudate","","","rsfmri_cor_network.gordon_smmouth_subcort.aseg_caudate.lh,rsfmri_cor_networkgordon_smmouth_subcortaseg_caudatelh"
"rsfmri_cor_ngd_smm_scs_ptlh","Float","","Recommended","Average correlation between sensorimotor mouth network and ASEG ROI left-putamen","","","rsfmri_cor_network.gordon_smmouth_subcort.aseg_putamen.lh,rsfmri_cor_networkgordon_smmouth_subcortaseg_putamenlh"
"rsfmri_cor_ngd_smm_scs_pllh","Float","","Recommended","Average correlation between sensorimotor mouth network and ASEG ROI left-pallidum","","","rsfmri_cor_network.gordon_smmouth_subcort.aseg_pallidum.lh,rsfmri_cor_networkgordon_smmouth_subcortaseg_pallidumlh"
"rsfmri_cor_ngd_smm_scs_bs","Float","","Recommended","Average correlation between sensorimotor mouth network and ASEG ROI brain-stem","","","rsfmri_cor_network.gordon_smmouth_subcort.aseg_brain.stem,rsfmri_cor_networkgordon_smmouth_subcortaseg_brainstem"
"rsfmri_cor_ngd_smm_scs_hplh","Float","","Recommended","Average correlation between sensorimotor mouth network and ASEG ROI left-hippocampus","","","rsfmri_cor_network.gordon_smmouth_subcort.aseg_hippocampus.lh,rsfmri_cor_networkgordon_smmouth_subcortaseg_hippocampuslh"
"rsfmri_cor_ngd_smm_scs_aglh","Float","","Recommended","Average correlation between sensorimotor mouth network and ASEG ROI left-amygdala","","","rsfmri_cor_network.gordon_smmouth_subcort.aseg_amygdala.lh,rsfmri_cor_networkgordon_smmouth_subcortaseg_amygdalalh"
"rsfmri_cor_ngd_smm_scs_aalh","Float","","Recommended","Average correlation between sensorimotor mouth network and ASEG ROI left-accumbens-area","","","rsfmri_cor_network.gordon_smmouth_subcort.aseg_accumbens.area.lh,rsfmri_cor_networkgordon_smmouth_subcortaseg_accumbensarealh"
"rsfmri_cor_ngd_smm_scs_vtdclh","Float","","Recommended","Average correlation between sensorimotor mouth network and ASEG ROI left-ventraldc","","","rsfmri_cor_network.gordon_smmouth_subcort.aseg_ventraldc.lh,rsfmri_cor_networkgordon_smmouth_subcortaseg_ventraldclh"
"rsfmri_cor_ngd_smm_scs_crcxrh","Float","","Recommended","Average correlation between sensorimotor mouth network and ASEG ROI right-cerebellum-cortex","","","rsfmri_cor_network.gordon_smmouth_subcort.aseg_cerebellum.cortex.rh,rsfmri_cor_networkgordon_smmouth_subcortaseg_cerebellumcortexrh"
"rsfmri_cor_ngd_smm_scs_thprh","Float","","Recommended","Average correlation between sensorimotor mouth network and ASEG ROI right-thalamus-proper","","","rsfmri_cor_network.gordon_smmouth_subcort.aseg_thalamus.proper.rh,rsfmri_cor_networkgordon_smmouth_subcortaseg_thalamusproperrh"
"rsfmri_cor_ngd_smm_scs_cderh","Float","","Recommended","Average correlation between sensorimotor mouth network and ASEG ROI right-caudate","","","rsfmri_cor_network.gordon_smmouth_subcort.aseg_caudate.rh,rsfmri_cor_networkgordon_smmouth_subcortaseg_caudaterh"
"rsfmri_cor_ngd_smm_scs_ptrh","Float","","Recommended","Average correlation between sensorimotor mouth network and ASEG ROI right-putamen","","","rsfmri_cor_network.gordon_smmouth_subcort.aseg_putamen.rh,rsfmri_cor_networkgordon_smmouth_subcortaseg_putamenrh"
"rsfmri_cor_ngd_smm_scs_plrh","Float","","Recommended","Average correlation between sensorimotor mouth network and ASEG ROI right-pallidum","","","rsfmri_cor_network.gordon_smmouth_subcort.aseg_pallidum.rh,rsfmri_cor_networkgordon_smmouth_subcortaseg_pallidumrh"
"rsfmri_cor_ngd_smm_scs_hprh","Float","","Recommended","Average correlation between sensorimotor mouth network and ASEG ROI right-hippocampus","","","rsfmri_cor_network.gordon_smmouth_subcort.aseg_hippocampus.rh,rsfmri_cor_networkgordon_smmouth_subcortaseg_hippocampusrh"
"rsfmri_cor_ngd_smm_scs_agrh","Float","","Recommended","Average correlation between sensorimotor mouth network and ASEG ROI right-amygdala","","","rsfmri_cor_network.gordon_smmouth_subcort.aseg_amygdala.rh,rsfmri_cor_networkgordon_smmouth_subcortaseg_amygdalarh"
"rsfmri_cor_ngd_smm_scs_aarh","Float","","Recommended","Average correlation between sensorimotor mouth network and ASEG ROI right-accumbens-area","","","rsfmri_cor_network.gordon_smmouth_subcort.aseg_accumbens.area.rh,rsfmri_cor_networkgordon_smmouth_subcortaseg_accumbensarearh"
"rsfmri_cor_ngd_smm_scs_vtdcrh","Float","","Recommended","Average correlation between sensorimotor mouth network and ASEG ROI right-ventraldc","","","rsfmri_cor_network.gordon_smmouth_subcort.aseg_ventraldc.rh,rsfmri_cor_networkgordon_smmouth_subcortaseg_ventraldcrh"
"rsfmri_cor_ngd_sa_scs_crcxlh","Float","","Recommended","Average correlation between salience network and ASEG ROI left-cerebellum-cortex","","","rsfmri_cor_network.gordon_salience_subcort.aseg_cerebellum.cortex.lh,rsfmri_cor_networkgordon_salience_subcortaseg_cerebellumcortexlh"
"rsfmri_cor_ngd_sa_scs_thplh","Float","","Recommended","Average correlation between salience network and ASEG ROI left-thalamus-proper","","","rsfmri_cor_network.gordon_salience_subcort.aseg_thalamus.proper.lh,rsfmri_cor_networkgordon_salience_subcortaseg_thalamusproperlh"
"rsfmri_cor_ngd_sa_scs_cdelh","Float","","Recommended","Average correlation between salience network and ASEG ROI left-caudate","","","rsfmri_cor_network.gordon_salience_subcort.aseg_caudate.lh,rsfmri_cor_networkgordon_salience_subcortaseg_caudatelh"
"rsfmri_cor_ngd_sa_scs_ptlh","Float","","Recommended","Average correlation between salience network and ASEG ROI left-putamen","","","rsfmri_cor_network.gordon_salience_subcort.aseg_putamen.lh,rsfmri_cor_networkgordon_salience_subcortaseg_putamenlh"
"rsfmri_cor_ngd_sa_scs_pllh","Float","","Recommended","Average correlation between salience network and ASEG ROI left-pallidum","","","rsfmri_cor_network.gordon_salience_subcort.aseg_pallidum.lh,rsfmri_cor_networkgordon_salience_subcortaseg_pallidumlh"
"rsfmri_cor_ngd_sa_scs_bs","Float","","Recommended","Average correlation between salience network and ASEG ROI brain-stem","","","rsfmri_cor_network.gordon_salience_subcort.aseg_brain.stem,rsfmri_cor_networkgordon_salience_subcortaseg_brainstem"
"rsfmri_cor_ngd_sa_scs_hplh","Float","","Recommended","Average correlation between salience network and ASEG ROI left-hippocampus","","","rsfmri_cor_network.gordon_salience_subcort.aseg_hippocampus.lh,rsfmri_cor_networkgordon_salience_subcortaseg_hippocampuslh"
"rsfmri_cor_ngd_sa_scs_aglh","Float","","Recommended","Average correlation between salience network and ASEG ROI left-amygdala","","","rsfmri_cor_network.gordon_salience_subcort.aseg_amygdala.lh,rsfmri_cor_networkgordon_salience_subcortaseg_amygdalalh"
"rsfmri_cor_ngd_sa_scs_aalh","Float","","Recommended","Average correlation between salience network and ASEG ROI left-accumbens-area","","","rsfmri_cor_network.gordon_salience_subcort.aseg_accumbens.area.lh,rsfmri_cor_networkgordon_salience_subcortaseg_accumbensarealh"
"rsfmri_cor_ngd_sa_scs_vtdclh","Float","","Recommended","Average correlation between salience network and ASEG ROI left-ventraldc","","","rsfmri_cor_network.gordon_salience_subcort.aseg_ventraldc.lh,rsfmri_cor_networkgordon_salience_subcortaseg_ventraldclh"
"rsfmri_cor_ngd_sa_scs_crcxrh","Float","","Recommended","Average correlation between salience network and ASEG ROI right-cerebellum-cortex","","","rsfmri_cor_network.gordon_salience_subcort.aseg_cerebellum.cortex.rh,rsfmri_cor_networkgordon_salience_subcortaseg_cerebellumcortexrh"
"rsfmri_cor_ngd_sa_scs_thprh","Float","","Recommended","Average correlation between salience network and ASEG ROI right-thalamus-proper","","","rsfmri_cor_network.gordon_salience_subcort.aseg_thalamus.proper.rh,rsfmri_cor_networkgordon_salience_subcortaseg_thalamusproperrh"
"rsfmri_cor_ngd_sa_scs_cderh","Float","","Recommended","Average correlation between salience network and ASEG ROI right-caudate","","","rsfmri_cor_network.gordon_salience_subcort.aseg_caudate.rh,rsfmri_cor_networkgordon_salience_subcortaseg_caudaterh"
"rsfmri_cor_ngd_sa_scs_ptrh","Float","","Recommended","Average correlation between salience network and ASEG ROI right-putamen","","","rsfmri_cor_network.gordon_salience_subcort.aseg_putamen.rh,rsfmri_cor_networkgordon_salience_subcortaseg_putamenrh"
"rsfmri_cor_ngd_sa_scs_plrh","Float","","Recommended","Average correlation between salience network and ASEG ROI right-pallidum","","","rsfmri_cor_network.gordon_salience_subcort.aseg_pallidum.rh,rsfmri_cor_networkgordon_salience_subcortaseg_pallidumrh"
"rsfmri_cor_ngd_sa_scs_hprh","Float","","Recommended","Average correlation between salience network and ASEG ROI right-hippocampus","","","rsfmri_cor_network.gordon_salience_subcort.aseg_hippocampus.rh,rsfmri_cor_networkgordon_salience_subcortaseg_hippocampusrh"
"rsfmri_cor_ngd_sa_scs_agrh","Float","","Recommended","Average correlation between salience network and ASEG ROI right-amygdala","","","rsfmri_cor_network.gordon_salience_subcort.aseg_amygdala.rh,rsfmri_cor_networkgordon_salience_subcortaseg_amygdalarh"
"rsfmri_cor_ngd_sa_scs_aarh","Float","","Recommended","Average correlation between salience network and ASEG ROI right-accumbens-area","","","rsfmri_cor_network.gordon_salience_subcort.aseg_accumbens.area.rh,rsfmri_cor_networkgordon_salience_subcortaseg_accumbensarearh"
"rsfmri_cor_ngd_sa_scs_vtdcrh","Float","","Recommended","Average correlation between salience network and ASEG ROI right-ventraldc","","","rsfmri_cor_network.gordon_salience_subcort.aseg_ventraldc.rh,rsfmri_cor_networkgordon_salience_subcortaseg_ventraldcrh"
"rsfmri_cor_ngd_vta_scs_crcxlh","Float","","Recommended","Average correlation between ventral attention network and ASEG ROI left-cerebellum-cortex","","","rsfmri_cor_network.gordon_ventralattn_subcort.aseg_cerebellum.cortex.lh,rsfmri_cor_networkgordon_ventralattn_subcortaseg_cerebellumcortexlh"
"rsfmri_cor_ngd_vta_scs_thplh","Float","","Recommended","Average correlation between ventral attention network and ASEG ROI left-thalamus-proper","","","rsfmri_cor_network.gordon_ventralattn_subcort.aseg_thalamus.proper.lh,rsfmri_cor_networkgordon_ventralattn_subcortaseg_thalamusproperlh"
"rsfmri_cor_ngd_vta_scs_cdelh","Float","","Recommended","Average correlation between ventral attention network and ASEG ROI left-caudate","","","rsfmri_cor_network.gordon_ventralattn_subcort.aseg_caudate.lh,rsfmri_cor_networkgordon_ventralattn_subcortaseg_caudatelh"
"rsfmri_cor_ngd_vta_scs_ptlh","Float","","Recommended","Average correlation between ventral attention network and ASEG ROI left-putamen","","","rsfmri_cor_network.gordon_ventralattn_subcort.aseg_putamen.lh,rsfmri_cor_networkgordon_ventralattn_subcortaseg_putamenlh"
"rsfmri_cor_ngd_vta_scs_pllh","Float","","Recommended","Average correlation between ventral attention network and ASEG ROI left-pallidum","","","rsfmri_cor_network.gordon_ventralattn_subcort.aseg_pallidum.lh,rsfmri_cor_networkgordon_ventralattn_subcortaseg_pallidumlh"
"rsfmri_cor_ngd_vta_scs_bs","Float","","Recommended","Average correlation between ventral attention network and ASEG ROI brain-stem","","","rsfmri_cor_network.gordon_ventralattn_subcort.aseg_brain.stem,rsfmri_cor_networkgordon_ventralattn_subcortaseg_brainstem"
"rsfmri_cor_ngd_vta_scs_hplh","Float","","Recommended","Average correlation between ventral attention network and ASEG ROI left-hippocampus","","","rsfmri_cor_network.gordon_ventralattn_subcort.aseg_hippocampus.lh,rsfmri_cor_networkgordon_ventralattn_subcortaseg_hippocampuslh"
"rsfmri_cor_ngd_vta_scs_aglh","Float","","Recommended","Average correlation between ventral attention network and ASEG ROI left-amygdala","","","rsfmri_cor_network.gordon_ventralattn_subcort.aseg_amygdala.lh,rsfmri_cor_networkgordon_ventralattn_subcortaseg_amygdalalh"
"rsfmri_cor_ngd_vta_scs_aalh","Float","","Recommended","Average correlation between ventral attention network and ASEG ROI left-accumbens-area","","","rsfmri_cor_network.gordon_ventralattn_subcort.aseg_accumbens.area.lh,rsfmri_cor_networkgordon_ventralattn_subcortaseg_accumbensarealh"
"rsfmri_cor_ngd_vta_scs_vtdclh","Float","","Recommended","Average correlation between ventral attention network and ASEG ROI left-ventraldc","","","rsfmri_cor_network.gordon_ventralattn_subcort.aseg_ventraldc.lh,rsfmri_cor_networkgordon_ventralattn_subcortaseg_ventraldclh"
"rsfmri_cor_ngd_vta_scs_crcxrh","Float","","Recommended","Average correlation between ventral attention network and ASEG ROI right-cerebellum-cortex","","","rsfmri_cor_network.gordon_ventralattn_subcort.aseg_cerebellum.cortex.rh,rsfmri_cor_networkgordon_ventralattn_subcortaseg_cerebellumcortexrh"
"rsfmri_cor_ngd_vta_scs_thprh","Float","","Recommended","Average correlation between ventral attention network and ASEG ROI right-thalamus-proper","","","rsfmri_cor_network.gordon_ventralattn_subcort.aseg_thalamus.proper.rh,rsfmri_cor_networkgordon_ventralattn_subcortaseg_thalamusproperrh"
"rsfmri_cor_ngd_vta_scs_cderh","Float","","Recommended","Average correlation between ventral attention network and ASEG ROI right-caudate","","","rsfmri_cor_network.gordon_ventralattn_subcort.aseg_caudate.rh,rsfmri_cor_networkgordon_ventralattn_subcortaseg_caudaterh"
"rsfmri_cor_ngd_vta_scs_ptrh","Float","","Recommended","Average correlation between ventral attention network and ASEG ROI right-putamen","","","rsfmri_cor_network.gordon_ventralattn_subcort.aseg_putamen.rh,rsfmri_cor_networkgordon_ventralattn_subcortaseg_putamenrh"
"rsfmri_cor_ngd_vta_scs_plrh","Float","","Recommended","Average correlation between ventral attention network and ASEG ROI right-pallidum","","","rsfmri_cor_network.gordon_ventralattn_subcort.aseg_pallidum.rh,rsfmri_cor_networkgordon_ventralattn_subcortaseg_pallidumrh"
"rsfmri_cor_ngd_vta_scs_hprh","Float","","Recommended","Average correlation between ventral attention network and ASEG ROI right-hippocampus","","","rsfmri_cor_network.gordon_ventralattn_subcort.aseg_hippocampus.rh,rsfmri_cor_networkgordon_ventralattn_subcortaseg_hippocampusrh"
"rsfmri_cor_ngd_vta_scs_agrh","Float","","Recommended","Average correlation between ventral attention network and ASEG ROI right-amygdala","","","rsfmri_cor_network.gordon_ventralattn_subcort.aseg_amygdala.rh,rsfmri_cor_networkgordon_ventralattn_subcortaseg_amygdalarh"
"rsfmri_cor_ngd_vta_scs_aarh","Float","","Recommended","Average correlation between ventral attention network and ASEG ROI right-accumbens-area","","","rsfmri_cor_network.gordon_ventralattn_subcort.aseg_accumbens.area.rh,rsfmri_cor_networkgordon_ventralattn_subcortaseg_accumbensarearh"
"rsfmri_cor_ngd_vta_scs_vtdcrh","Float","","Recommended","Average correlation between ventral attention network and ASEG ROI right-ventraldc","","","rsfmri_cor_network.gordon_ventralattn_subcort.aseg_ventraldc.rh,rsfmri_cor_networkgordon_ventralattn_subcortaseg_ventraldcrh"
"rsfmri_cor_ngd_vs_scs_crcxlh","Float","","Recommended","Average correlation between visual network and ASEG ROI left-cerebellum-cortex","","","rsfmri_cor_network.gordon_visual_subcort.aseg_cerebellum.cortex.lh,rsfmri_cor_networkgordon_visual_subcortaseg_cerebellumcortexlh"
"rsfmri_cor_ngd_vs_scs_thplh","Float","","Recommended","Average correlation between visual network and ASEG ROI left-thalamus-proper","","","rsfmri_cor_network.gordon_visual_subcort.aseg_thalamus.proper.lh,rsfmri_cor_networkgordon_visual_subcortaseg_thalamusproperlh"
"rsfmri_cor_ngd_vs_scs_cdelh","Float","","Recommended","Average correlation between visual network and ASEG ROI left-caudate","","","rsfmri_cor_network.gordon_visual_subcort.aseg_caudate.lh,rsfmri_cor_networkgordon_visual_subcortaseg_caudatelh"
"rsfmri_cor_ngd_vs_scs_ptlh","Float","","Recommended","Average correlation between visual network and ASEG ROI left-putamen","","","rsfmri_cor_network.gordon_visual_subcort.aseg_putamen.lh,rsfmri_cor_networkgordon_visual_subcortaseg_putamenlh"
"rsfmri_cor_ngd_vs_scs_pllh","Float","","Recommended","Average correlation between visual network and ASEG ROI left-pallidum","","","rsfmri_cor_network.gordon_visual_subcort.aseg_pallidum.lh,rsfmri_cor_networkgordon_visual_subcortaseg_pallidumlh"
"rsfmri_cor_ngd_vs_scs_bs","Float","","Recommended","Average correlation between visual network and ASEG ROI brain-stem","","","rsfmri_cor_network.gordon_visual_subcort.aseg_brain.stem,rsfmri_cor_networkgordon_visual_subcortaseg_brainstem"
"rsfmri_cor_ngd_vs_scs_hplh","Float","","Recommended","Average correlation between visual network and ASEG ROI left-hippocampus","","","rsfmri_cor_network.gordon_visual_subcort.aseg_hippocampus.lh,rsfmri_cor_networkgordon_visual_subcortaseg_hippocampuslh"
"rsfmri_cor_ngd_vs_scs_aglh","Float","","Recommended","Average correlation between visual network and ASEG ROI left-amygdala","","","rsfmri_cor_network.gordon_visual_subcort.aseg_amygdala.lh,rsfmri_cor_networkgordon_visual_subcortaseg_amygdalalh"
"rsfmri_cor_ngd_vs_scs_aalh","Float","","Recommended","Average correlation between visual network and ASEG ROI left-accumbens-area","","","rsfmri_cor_network.gordon_visual_subcort.aseg_accumbens.area.lh,rsfmri_cor_networkgordon_visual_subcortaseg_accumbensarealh"
"rsfmri_cor_ngd_vs_scs_vtdclh","Float","","Recommended","Average correlation between visual network and ASEG ROI left-ventraldc","","","rsfmri_cor_network.gordon_visual_subcort.aseg_ventraldc.lh,rsfmri_cor_networkgordon_visual_subcortaseg_ventraldclh"
"rsfmri_cor_ngd_vs_scs_crcxrh","Float","","Recommended","Average correlation between visual network and ASEG ROI right-cerebellum-cortex","","","rsfmri_cor_network.gordon_visual_subcort.aseg_cerebellum.cortex.rh,rsfmri_cor_networkgordon_visual_subcortaseg_cerebellumcortexrh"
"rsfmri_cor_ngd_vs_scs_thprh","Float","","Recommended","Average correlation between visual network and ASEG ROI right-thalamus-proper","","","rsfmri_cor_network.gordon_visual_subcort.aseg_thalamus.proper.rh,rsfmri_cor_networkgordon_visual_subcortaseg_thalamusproperrh"
"rsfmri_cor_ngd_vs_scs_cderh","Float","","Recommended","Average correlation between visual network and ASEG ROI right-caudate","","","rsfmri_cor_network.gordon_visual_subcort.aseg_caudate.rh,rsfmri_cor_networkgordon_visual_subcortaseg_caudaterh"
"rsfmri_cor_ngd_vs_scs_ptrh","Float","","Recommended","Average correlation between visual network and ASEG ROI right-putamen","","","rsfmri_cor_network.gordon_visual_subcort.aseg_putamen.rh,rsfmri_cor_networkgordon_visual_subcortaseg_putamenrh"
"rsfmri_cor_ngd_vs_scs_plrh","Float","","Recommended","Average correlation between visual network and ASEG ROI right-pallidum","","","rsfmri_cor_network.gordon_visual_subcort.aseg_pallidum.rh,rsfmri_cor_networkgordon_visual_subcortaseg_pallidumrh"
"rsfmri_cor_ngd_vs_scs_hprh","Float","","Recommended","Average correlation between visual network and ASEG ROI right-hippocampus","","","rsfmri_cor_network.gordon_visual_subcort.aseg_hippocampus.rh,rsfmri_cor_networkgordon_visual_subcortaseg_hippocampusrh"
"rsfmri_cor_ngd_vs_scs_agrh","Float","","Recommended","Average correlation between visual network and ASEG ROI right-amygdala","","","rsfmri_cor_network.gordon_visual_subcort.aseg_amygdala.rh,rsfmri_cor_networkgordon_visual_subcortaseg_amygdalarh"
"rsfmri_cor_ngd_vs_scs_aarh","Float","","Recommended","Average correlation between visual network and ASEG ROI right-accumbens-area","","","rsfmri_cor_network.gordon_visual_subcort.aseg_accumbens.area.rh,rsfmri_cor_networkgordon_visual_subcortaseg_accumbensarearh"
"rsfmri_cor_ngd_vs_scs_vtdcrh","Float","","Recommended","Average correlation between visual network and ASEG ROI right-ventraldc","","","rsfmri_cor_network.gordon_visual_subcort.aseg_ventraldc.rh,rsfmri_cor_networkgordon_visual_subcortaseg_ventraldcrh"
